{"cameraMode":{"drawMode":0,"name":"Shaded","section":"Shading Mode"},"sceneLighting":true,"audioPlay":false,"sceneViewState":{"showFog":true,"showMaterialUpdate":false,"showSkybox":false,"showFlares":true,"showImageEffects":true,"showParticleSystems":true},"in2DMode":false,"pivot":{"x":22.66773223876953,"y":4.742832183837891,"z":-15.864484786987305},"rotation":{"x":-0.08126809448003769,"y":0.7953885197639465,"z":-0.10952971130609513,"w":-0.5905982255935669},"size":80.02074432373047,"orthographic":false}