{"cameraMode":{"drawMode":0,"name":"Shaded","section":"Shading Mode"},"sceneLighting":false,"audioPlay":false,"sceneViewState":{"showFog":true,"showMaterialUpdate":false,"showSkybox":false,"showFlares":true,"showImageEffects":true,"showParticleSystems":true},"in2DMode":false,"pivot":{"x":27.356014251708986,"y":9.360413551330567,"z":-6.446435928344727},"rotation":{"x":-0.0010716099059209228,"y":-0.9894812703132629,"z":-0.010143852792680264,"w":0.14579680562019349},"size":29.426162719726564,"orthographic":false}