{"cameraMode":{"drawMode":0,"name":"Shaded","section":"Shading Mode"},"sceneLighting":false,"audioPlay":false,"sceneViewState":{"showFog":true,"showMaterialUpdate":false,"showSkybox":false,"showFlares":true,"showImageEffects":true,"showParticleSystems":true},"in2DMode":false,"pivot":{"x":3.3350162506103517,"y":4.185414791107178,"z":31.718647003173829},"rotation":{"x":0.10658414661884308,"y":-0.5439785122871399,"z":0.06990530341863632,"w":0.8293749094009399},"size":9.371879577636719,"orthographic":false}